primer_1,primer_1_length,primer_2,primer_2_length,primer_2_rc,probe,probe_length,spacer_1,spacer_2,spacer_3,ont_barcode_id,ont_barcode_sequence,ont_barcode_length,amplicon,amplicon_length
AGCTTCGGGCCTAACTAACTACT,23,CGCTTTACGTTACGTCGAAAGC,22,GCTTTCGACGTAACGTAAAGCG,AATCCGCCGGTCTTCGTGTTCAGCACAG,28,AGTC,TGAC,TCTA,BC01,AAGAAAGTTGTCGGTGTCTTTGTG,24,AGCTTCGGGCCTAACTAACTACTAGTCAAGAAAGTTGTCGGTGTCTTTGTGTGACAATCCGCCGGTCTTCGTGTTCAGCACAGTCTAGCTTTCGACGTAACGTAAAGCG,109
AGCTTCGGGCCTAACTAACTACT,23,CGCTTTACGTTACGTCGAAAGC,22,GCTTTCGACGTAACGTAAAGCG,AATCCGCCGGTCTTCGTGTTCAGCACAG,28,AGTC,TGAC,TCTA,BC02,TCGATTCCGTTTGTAGTCGTCTGT,24,AGCTTCGGGCCTAACTAACTACTAGTCTCGATTCCGTTTGTAGTCGTCTGTTGACAATCCGCCGGTCTTCGTGTTCAGCACAGTCTAGCTTTCGACGTAACGTAAAGCG,109
AGCTTCGGGCCTAACTAACTACT,23,CGCTTTACGTTACGTCGAAAGC,22,GCTTTCGACGTAACGTAAAGCG,AATCCGCCGGTCTTCGTGTTCAGCACAG,28,AGTC,TGAC,TCTA,BC03,GAGTCTTGTGTCCCAGTTACCAGG,24,AGCTTCGGGCCTAACTAACTACTAGTCGAGTCTTGTGTCCCAGTTACCAGGTGACAATCCGCCGGTCTTCGTGTTCAGCACAGTCTAGCTTTCGACGTAACGTAAAGCG,109
AGCTTCGGGCCTAACTAACTACT,23,CGCTTTACGTTACGTCGAAAGC,22,GCTTTCGACGTAACGTAAAGCG,AATCCGCCGGTCTTCGTGTTCAGCACAG,28,AGTC,TGAC,TCTA,BC04,TTCGGATTCTATCGTGTTTCCCTA,24,AGCTTCGGGCCTAACTAACTACTAGTCTTCGGATTCTATCGTGTTTCCCTATGACAATCCGCCGGTCTTCGTGTTCAGCACAGTCTAGCTTTCGACGTAACGTAAAGCG,109
AGCTTCGGGCCTAACTAACTACT,23,CGCTTTACGTTACGTCGAAAGC,22,GCTTTCGACGTAACGTAAAGCG,AATCCGCCGGTCTTCGTGTTCAGCACAG,28,AGTC,TGAC,TCTA,BC05,CTTGTCCAGGGTTTGTGTAACCTT,24,AGCTTCGGGCCTAACTAACTACTAGTCCTTGTCCAGGGTTTGTGTAACCTTTGACAATCCGCCGGTCTTCGTGTTCAGCACAGTCTAGCTTTCGACGTAACGTAAAGCG,109
AGCTTCGGGCCTAACTAACTACT,23,CGCTTTACGTTACGTCGAAAGC,22,GCTTTCGACGTAACGTAAAGCG,AATCCGCCGGTCTTCGTGTTCAGCACAG,28,AGTC,TGAC,TCTA,BC06,TTCTCGCAAAGGCAGAAAGTAGTC,24,AGCTTCGGGCCTAACTAACTACTAGTCTTCTCGCAAAGGCAGAAAGTAGTCTGACAATCCGCCGGTCTTCGTGTTCAGCACAGTCTAGCTTTCGACGTAACGTAAAGCG,109
AGCTTCGGGCCTAACTAACTACT,23,CGCTTTACGTTACGTCGAAAGC,22,GCTTTCGACGTAACGTAAAGCG,AATCCGCCGGTCTTCGTGTTCAGCACAG,28,AGTC,TGAC,TCTA,BC07,GTGTTACCGTGGGAATGAATCCTT,24,AGCTTCGGGCCTAACTAACTACTAGTCGTGTTACCGTGGGAATGAATCCTTTGACAATCCGCCGGTCTTCGTGTTCAGCACAGTCTAGCTTTCGACGTAACGTAAAGCG,109
AGCTTCGGGCCTAACTAACTACT,23,CGCTTTACGTTACGTCGAAAGC,22,GCTTTCGACGTAACGTAAAGCG,AATCCGCCGGTCTTCGTGTTCAGCACAG,28,AGTC,TGAC,TCTA,BC08,TTCAGGGAACAAACCAAGTTACGT,24,AGCTTCGGGCCTAACTAACTACTAGTCTTCAGGGAACAAACCAAGTTACGTTGACAATCCGCCGGTCTTCGTGTTCAGCACAGTCTAGCTTTCGACGTAACGTAAAGCG,109
AGCTTCGGGCCTAACTAACTACT,23,CGCTTTACGTTACGTCGAAAGC,22,GCTTTCGACGTAACGTAAAGCG,AATCCGCCGGTCTTCGTGTTCAGCACAG,28,AGTC,TGAC,TCTA,BC09,AACTAGGCACAGCGAGTCTTGGTT,24,AGCTTCGGGCCTAACTAACTACTAGTCAACTAGGCACAGCGAGTCTTGGTTTGACAATCCGCCGGTCTTCGTGTTCAGCACAGTCTAGCTTTCGACGTAACGTAAAGCG,109
AGCTTCGGGCCTAACTAACTACT,23,CGCTTTACGTTACGTCGAAAGC,22,GCTTTCGACGTAACGTAAAGCG,AATCCGCCGGTCTTCGTGTTCAGCACAG,28,AGTC,TGAC,TCTA,BC10,AAGCGTTGAAACCTTTGTCCTCTC,24,AGCTTCGGGCCTAACTAACTACTAGTCAAGCGTTGAAACCTTTGTCCTCTCTGACAATCCGCCGGTCTTCGTGTTCAGCACAGTCTAGCTTTCGACGTAACGTAAAGCG,109
AGCTTCGGGCCTAACTAACTACT,23,CGCTTTACGTTACGTCGAAAGC,22,GCTTTCGACGTAACGTAAAGCG,AATCCGCCGGTCTTCGTGTTCAGCACAG,28,AGTC,TGAC,TCTA,BC11,GTTTCATCTATCGGAGGGAATGGA,24,AGCTTCGGGCCTAACTAACTACTAGTCGTTTCATCTATCGGAGGGAATGGATGACAATCCGCCGGTCTTCGTGTTCAGCACAGTCTAGCTTTCGACGTAACGTAAAGCG,109
AGCTTCGGGCCTAACTAACTACT,23,CGCTTTACGTTACGTCGAAAGC,22,GCTTTCGACGTAACGTAAAGCG,AATCCGCCGGTCTTCGTGTTCAGCACAG,28,AGTC,TGAC,TCTA,BC12,CAGGTAGAAAGAAGCAGAATCGGA,24,AGCTTCGGGCCTAACTAACTACTAGTCCAGGTAGAAAGAAGCAGAATCGGATGACAATCCGCCGGTCTTCGTGTTCAGCACAGTCTAGCTTTCGACGTAACGTAAAGCG,109
AGCTTCGGGCCTAACTAACTACT,23,CGCTTTACGTTACGTCGAAAGC,22,GCTTTCGACGTAACGTAAAGCG,AATCCGCCGGTCTTCGTGTTCAGCACAG,28,AGTC,TGAC,TCTA,BC13,AGAACGACTTCCATACTCGTGTGA,24,AGCTTCGGGCCTAACTAACTACTAGTCAGAACGACTTCCATACTCGTGTGATGACAATCCGCCGGTCTTCGTGTTCAGCACAGTCTAGCTTTCGACGTAACGTAAAGCG,109
AGCTTCGGGCCTAACTAACTACT,23,CGCTTTACGTTACGTCGAAAGC,22,GCTTTCGACGTAACGTAAAGCG,AATCCGCCGGTCTTCGTGTTCAGCACAG,28,AGTC,TGAC,TCTA,BC14,AACGAGTCTCTTGGGACCCATAGA,24,AGCTTCGGGCCTAACTAACTACTAGTCAACGAGTCTCTTGGGACCCATAGATGACAATCCGCCGGTCTTCGTGTTCAGCACAGTCTAGCTTTCGACGTAACGTAAAGCG,109
AGCTTCGGGCCTAACTAACTACT,23,CGCTTTACGTTACGTCGAAAGC,22,GCTTTCGACGTAACGTAAAGCG,AATCCGCCGGTCTTCGTGTTCAGCACAG,28,AGTC,TGAC,TCTA,BC15,AGGTCTACCTCGCTAACACCACTG,24,AGCTTCGGGCCTAACTAACTACTAGTCAGGTCTACCTCGCTAACACCACTGTGACAATCCGCCGGTCTTCGTGTTCAGCACAGTCTAGCTTTCGACGTAACGTAAAGCG,109
AGCTTCGGGCCTAACTAACTACT,23,CGCTTTACGTTACGTCGAAAGC,22,GCTTTCGACGTAACGTAAAGCG,AATCCGCCGGTCTTCGTGTTCAGCACAG,28,AGTC,TGAC,TCTA,BC16,CGTCAACTGACAGTGGTTCGTACT,24,AGCTTCGGGCCTAACTAACTACTAGTCCGTCAACTGACAGTGGTTCGTACTTGACAATCCGCCGGTCTTCGTGTTCAGCACAGTCTAGCTTTCGACGTAACGTAAAGCG,109
AGCTTCGGGCCTAACTAACTACT,23,CGCTTTACGTTACGTCGAAAGC,22,GCTTTCGACGTAACGTAAAGCG,AATCCGCCGGTCTTCGTGTTCAGCACAG,28,AGTC,TGAC,TCTA,BC17,ACCCTCCAGGAAAGTACCTCTGAT,24,AGCTTCGGGCCTAACTAACTACTAGTCACCCTCCAGGAAAGTACCTCTGATTGACAATCCGCCGGTCTTCGTGTTCAGCACAGTCTAGCTTTCGACGTAACGTAAAGCG,109
AGCTTCGGGCCTAACTAACTACT,23,CGCTTTACGTTACGTCGAAAGC,22,GCTTTCGACGTAACGTAAAGCG,AATCCGCCGGTCTTCGTGTTCAGCACAG,28,AGTC,TGAC,TCTA,BC18,CCAAACCCAACAACCTAGATAGGC,24,AGCTTCGGGCCTAACTAACTACTAGTCCCAAACCCAACAACCTAGATAGGCTGACAATCCGCCGGTCTTCGTGTTCAGCACAGTCTAGCTTTCGACGTAACGTAAAGCG,109
AGCTTCGGGCCTAACTAACTACT,23,CGCTTTACGTTACGTCGAAAGC,22,GCTTTCGACGTAACGTAAAGCG,AATCCGCCGGTCTTCGTGTTCAGCACAG,28,AGTC,TGAC,TCTA,BC19,GTTCCTCGTGCAGTGTCAAGAGAT,24,AGCTTCGGGCCTAACTAACTACTAGTCGTTCCTCGTGCAGTGTCAAGAGATTGACAATCCGCCGGTCTTCGTGTTCAGCACAGTCTAGCTTTCGACGTAACGTAAAGCG,109
AGCTTCGGGCCTAACTAACTACT,23,CGCTTTACGTTACGTCGAAAGC,22,GCTTTCGACGTAACGTAAAGCG,AATCCGCCGGTCTTCGTGTTCAGCACAG,28,AGTC,TGAC,TCTA,BC20,TTGCGTCCTGTTACGAGAACTCAT,24,AGCTTCGGGCCTAACTAACTACTAGTCTTGCGTCCTGTTACGAGAACTCATTGACAATCCGCCGGTCTTCGTGTTCAGCACAGTCTAGCTTTCGACGTAACGTAAAGCG,109
AGCTTCGGGCCTAACTAACTACT,23,CGCTTTACGTTACGTCGAAAGC,22,GCTTTCGACGTAACGTAAAGCG,AATCCGCCGGTCTTCGTGTTCAGCACAG,28,AGTC,TGAC,TCTA,BC21,GAGCCTCTCATTGTCCGTTCTCTA,24,AGCTTCGGGCCTAACTAACTACTAGTCGAGCCTCTCATTGTCCGTTCTCTATGACAATCCGCCGGTCTTCGTGTTCAGCACAGTCTAGCTTTCGACGTAACGTAAAGCG,109
AGCTTCGGGCCTAACTAACTACT,23,CGCTTTACGTTACGTCGAAAGC,22,GCTTTCGACGTAACGTAAAGCG,AATCCGCCGGTCTTCGTGTTCAGCACAG,28,AGTC,TGAC,TCTA,BC22,ACCACTGCCATGTATCAAAGTACG,24,AGCTTCGGGCCTAACTAACTACTAGTCACCACTGCCATGTATCAAAGTACGTGACAATCCGCCGGTCTTCGTGTTCAGCACAGTCTAGCTTTCGACGTAACGTAAAGCG,109
AGCTTCGGGCCTAACTAACTACT,23,CGCTTTACGTTACGTCGAAAGC,22,GCTTTCGACGTAACGTAAAGCG,AATCCGCCGGTCTTCGTGTTCAGCACAG,28,AGTC,TGAC,TCTA,BC23,CTTACTACCCAGTGAACCTCCTCG,24,AGCTTCGGGCCTAACTAACTACTAGTCCTTACTACCCAGTGAACCTCCTCGTGACAATCCGCCGGTCTTCGTGTTCAGCACAGTCTAGCTTTCGACGTAACGTAAAGCG,109
AGCTTCGGGCCTAACTAACTACT,23,CGCTTTACGTTACGTCGAAAGC,22,GCTTTCGACGTAACGTAAAGCG,AATCCGCCGGTCTTCGTGTTCAGCACAG,28,AGTC,TGAC,TCTA,BC24,GCATAGTTCTGCATGATGGGTTAG,24,AGCTTCGGGCCTAACTAACTACTAGTCGCATAGTTCTGCATGATGGGTTAGTGACAATCCGCCGGTCTTCGTGTTCAGCACAGTCTAGCTTTCGACGTAACGTAAAGCG,109
AGCTTCGGGCCTAACTAACTACT,23,CGCTTTACGTTACGTCGAAAGC,22,GCTTTCGACGTAACGTAAAGCG,AATCCGCCGGTCTTCGTGTTCAGCACAG,28,AGTC,TGAC,TCTA,BC25,GTAAGTTGGGTATGCAACGCAATG,24,AGCTTCGGGCCTAACTAACTACTAGTCGTAAGTTGGGTATGCAACGCAATGTGACAATCCGCCGGTCTTCGTGTTCAGCACAGTCTAGCTTTCGACGTAACGTAAAGCG,109
AGCTTCGGGCCTAACTAACTACT,23,CGCTTTACGTTACGTCGAAAGC,22,GCTTTCGACGTAACGTAAAGCG,AATCCGCCGGTCTTCGTGTTCAGCACAG,28,AGTC,TGAC,TCTA,BC26,CATACAGCGACTACGCATTCTCAT,24,AGCTTCGGGCCTAACTAACTACTAGTCCATACAGCGACTACGCATTCTCATTGACAATCCGCCGGTCTTCGTGTTCAGCACAGTCTAGCTTTCGACGTAACGTAAAGCG,109
AGCTTCGGGCCTAACTAACTACT,23,CGCTTTACGTTACGTCGAAAGC,22,GCTTTCGACGTAACGTAAAGCG,AATCCGCCGGTCTTCGTGTTCAGCACAG,28,AGTC,TGAC,TCTA,BC27,CGACGGTTAGATTCACCTCTTACA,24,AGCTTCGGGCCTAACTAACTACTAGTCCGACGGTTAGATTCACCTCTTACATGACAATCCGCCGGTCTTCGTGTTCAGCACAGTCTAGCTTTCGACGTAACGTAAAGCG,109
AGCTTCGGGCCTAACTAACTACT,23,CGCTTTACGTTACGTCGAAAGC,22,GCTTTCGACGTAACGTAAAGCG,AATCCGCCGGTCTTCGTGTTCAGCACAG,28,AGTC,TGAC,TCTA,BC28,TGAAACCTAAGAAGGCACCGTATC,24,AGCTTCGGGCCTAACTAACTACTAGTCTGAAACCTAAGAAGGCACCGTATCTGACAATCCGCCGGTCTTCGTGTTCAGCACAGTCTAGCTTTCGACGTAACGTAAAGCG,109
AGCTTCGGGCCTAACTAACTACT,23,CGCTTTACGTTACGTCGAAAGC,22,GCTTTCGACGTAACGTAAAGCG,AATCCGCCGGTCTTCGTGTTCAGCACAG,28,AGTC,TGAC,TCTA,BC29,CTAGACACCTTGGGTTGACAGACC,24,AGCTTCGGGCCTAACTAACTACTAGTCCTAGACACCTTGGGTTGACAGACCTGACAATCCGCCGGTCTTCGTGTTCAGCACAGTCTAGCTTTCGACGTAACGTAAAGCG,109
AGCTTCGGGCCTAACTAACTACT,23,CGCTTTACGTTACGTCGAAAGC,22,GCTTTCGACGTAACGTAAAGCG,AATCCGCCGGTCTTCGTGTTCAGCACAG,28,AGTC,TGAC,TCTA,BC30,TCAGTGAGGATCTACTTCGACCCA,24,AGCTTCGGGCCTAACTAACTACTAGTCTCAGTGAGGATCTACTTCGACCCATGACAATCCGCCGGTCTTCGTGTTCAGCACAGTCTAGCTTTCGACGTAACGTAAAGCG,109
AGCTTCGGGCCTAACTAACTACT,23,CGCTTTACGTTACGTCGAAAGC,22,GCTTTCGACGTAACGTAAAGCG,AATCCGCCGGTCTTCGTGTTCAGCACAG,28,AGTC,TGAC,TCTA,BC31,TGCGTACAGCAATCAGTTACATTG,24,AGCTTCGGGCCTAACTAACTACTAGTCTGCGTACAGCAATCAGTTACATTGTGACAATCCGCCGGTCTTCGTGTTCAGCACAGTCTAGCTTTCGACGTAACGTAAAGCG,109
AGCTTCGGGCCTAACTAACTACT,23,CGCTTTACGTTACGTCGAAAGC,22,GCTTTCGACGTAACGTAAAGCG,AATCCGCCGGTCTTCGTGTTCAGCACAG,28,AGTC,TGAC,TCTA,BC32,CCAGTAGAAGTCCGACAACGTCAT,24,AGCTTCGGGCCTAACTAACTACTAGTCCCAGTAGAAGTCCGACAACGTCATTGACAATCCGCCGGTCTTCGTGTTCAGCACAGTCTAGCTTTCGACGTAACGTAAAGCG,109
AGCTTCGGGCCTAACTAACTACT,23,CGCTTTACGTTACGTCGAAAGC,22,GCTTTCGACGTAACGTAAAGCG,AATCCGCCGGTCTTCGTGTTCAGCACAG,28,AGTC,TGAC,TCTA,BC33,CAGACTTGGTACGGTTGGGTAACT,24,AGCTTCGGGCCTAACTAACTACTAGTCCAGACTTGGTACGGTTGGGTAACTTGACAATCCGCCGGTCTTCGTGTTCAGCACAGTCTAGCTTTCGACGTAACGTAAAGCG,109
AGCTTCGGGCCTAACTAACTACT,23,CGCTTTACGTTACGTCGAAAGC,22,GCTTTCGACGTAACGTAAAGCG,AATCCGCCGGTCTTCGTGTTCAGCACAG,28,AGTC,TGAC,TCTA,BC34,GGACGAAGAACTCAAGTCAAAGGC,24,AGCTTCGGGCCTAACTAACTACTAGTCGGACGAAGAACTCAAGTCAAAGGCTGACAATCCGCCGGTCTTCGTGTTCAGCACAGTCTAGCTTTCGACGTAACGTAAAGCG,109
AGCTTCGGGCCTAACTAACTACT,23,CGCTTTACGTTACGTCGAAAGC,22,GCTTTCGACGTAACGTAAAGCG,AATCCGCCGGTCTTCGTGTTCAGCACAG,28,AGTC,TGAC,TCTA,BC35,CTACTTACGAAGCTGAGGGACTGC,24,AGCTTCGGGCCTAACTAACTACTAGTCCTACTTACGAAGCTGAGGGACTGCTGACAATCCGCCGGTCTTCGTGTTCAGCACAGTCTAGCTTTCGACGTAACGTAAAGCG,109
AGCTTCGGGCCTAACTAACTACT,23,CGCTTTACGTTACGTCGAAAGC,22,GCTTTCGACGTAACGTAAAGCG,AATCCGCCGGTCTTCGTGTTCAGCACAG,28,AGTC,TGAC,TCTA,BC36,ATGTCCCAGTTAGAGGAGGAAACA,24,AGCTTCGGGCCTAACTAACTACTAGTCATGTCCCAGTTAGAGGAGGAAACATGACAATCCGCCGGTCTTCGTGTTCAGCACAGTCTAGCTTTCGACGTAACGTAAAGCG,109
AGCTTCGGGCCTAACTAACTACT,23,CGCTTTACGTTACGTCGAAAGC,22,GCTTTCGACGTAACGTAAAGCG,AATCCGCCGGTCTTCGTGTTCAGCACAG,28,AGTC,TGAC,TCTA,BC37,GCTTGCGATTGATGCTTAGTATCA,24,AGCTTCGGGCCTAACTAACTACTAGTCGCTTGCGATTGATGCTTAGTATCATGACAATCCGCCGGTCTTCGTGTTCAGCACAGTCTAGCTTTCGACGTAACGTAAAGCG,109
AGCTTCGGGCCTAACTAACTACT,23,CGCTTTACGTTACGTCGAAAGC,22,GCTTTCGACGTAACGTAAAGCG,AATCCGCCGGTCTTCGTGTTCAGCACAG,28,AGTC,TGAC,TCTA,BC38,ACCACAGGAGGACGATACAGAGAA,24,AGCTTCGGGCCTAACTAACTACTAGTCACCACAGGAGGACGATACAGAGAATGACAATCCGCCGGTCTTCGTGTTCAGCACAGTCTAGCTTTCGACGTAACGTAAAGCG,109
AGCTTCGGGCCTAACTAACTACT,23,CGCTTTACGTTACGTCGAAAGC,22,GCTTTCGACGTAACGTAAAGCG,AATCCGCCGGTCTTCGTGTTCAGCACAG,28,AGTC,TGAC,TCTA,BC39,CCACAGTGTCAACTAGAGCCTCTC,24,AGCTTCGGGCCTAACTAACTACTAGTCCCACAGTGTCAACTAGAGCCTCTCTGACAATCCGCCGGTCTTCGTGTTCAGCACAGTCTAGCTTTCGACGTAACGTAAAGCG,109
AGCTTCGGGCCTAACTAACTACT,23,CGCTTTACGTTACGTCGAAAGC,22,GCTTTCGACGTAACGTAAAGCG,AATCCGCCGGTCTTCGTGTTCAGCACAG,28,AGTC,TGAC,TCTA,BC40,TAGTTTGGATGACCAAGGATAGCC,24,AGCTTCGGGCCTAACTAACTACTAGTCTAGTTTGGATGACCAAGGATAGCCTGACAATCCGCCGGTCTTCGTGTTCAGCACAGTCTAGCTTTCGACGTAACGTAAAGCG,109
AGCTTCGGGCCTAACTAACTACT,23,CGCTTTACGTTACGTCGAAAGC,22,GCTTTCGACGTAACGTAAAGCG,AATCCGCCGGTCTTCGTGTTCAGCACAG,28,AGTC,TGAC,TCTA,BC41,GGAGTTCGTCCAGAGAAGTACACG,24,AGCTTCGGGCCTAACTAACTACTAGTCGGAGTTCGTCCAGAGAAGTACACGTGACAATCCGCCGGTCTTCGTGTTCAGCACAGTCTAGCTTTCGACGTAACGTAAAGCG,109
AGCTTCGGGCCTAACTAACTACT,23,CGCTTTACGTTACGTCGAAAGC,22,GCTTTCGACGTAACGTAAAGCG,AATCCGCCGGTCTTCGTGTTCAGCACAG,28,AGTC,TGAC,TCTA,BC42,CTACGTGTAAGGCATACCTGCCAG,24,AGCTTCGGGCCTAACTAACTACTAGTCCTACGTGTAAGGCATACCTGCCAGTGACAATCCGCCGGTCTTCGTGTTCAGCACAGTCTAGCTTTCGACGTAACGTAAAGCG,109
AGCTTCGGGCCTAACTAACTACT,23,CGCTTTACGTTACGTCGAAAGC,22,GCTTTCGACGTAACGTAAAGCG,AATCCGCCGGTCTTCGTGTTCAGCACAG,28,AGTC,TGAC,TCTA,BC43,CTTTCGTTGTTGACTCGACGGTAG,24,AGCTTCGGGCCTAACTAACTACTAGTCCTTTCGTTGTTGACTCGACGGTAGTGACAATCCGCCGGTCTTCGTGTTCAGCACAGTCTAGCTTTCGACGTAACGTAAAGCG,109
AGCTTCGGGCCTAACTAACTACT,23,CGCTTTACGTTACGTCGAAAGC,22,GCTTTCGACGTAACGTAAAGCG,AATCCGCCGGTCTTCGTGTTCAGCACAG,28,AGTC,TGAC,TCTA,BC44,AGTAGAAAGGGTTCCTTCCCACTC,24,AGCTTCGGGCCTAACTAACTACTAGTCAGTAGAAAGGGTTCCTTCCCACTCTGACAATCCGCCGGTCTTCGTGTTCAGCACAGTCTAGCTTTCGACGTAACGTAAAGCG,109
AGCTTCGGGCCTAACTAACTACT,23,CGCTTTACGTTACGTCGAAAGC,22,GCTTTCGACGTAACGTAAAGCG,AATCCGCCGGTCTTCGTGTTCAGCACAG,28,AGTC,TGAC,TCTA,BC45,GATCCAACAGAGATGCCTTCAGTG,24,AGCTTCGGGCCTAACTAACTACTAGTCGATCCAACAGAGATGCCTTCAGTGTGACAATCCGCCGGTCTTCGTGTTCAGCACAGTCTAGCTTTCGACGTAACGTAAAGCG,109
AGCTTCGGGCCTAACTAACTACT,23,CGCTTTACGTTACGTCGAAAGC,22,GCTTTCGACGTAACGTAAAGCG,AATCCGCCGGTCTTCGTGTTCAGCACAG,28,AGTC,TGAC,TCTA,BC46,GCTGTGTTCCACTTCATTCTCCTG,24,AGCTTCGGGCCTAACTAACTACTAGTCGCTGTGTTCCACTTCATTCTCCTGTGACAATCCGCCGGTCTTCGTGTTCAGCACAGTCTAGCTTTCGACGTAACGTAAAGCG,109
AGCTTCGGGCCTAACTAACTACT,23,CGCTTTACGTTACGTCGAAAGC,22,GCTTTCGACGTAACGTAAAGCG,AATCCGCCGGTCTTCGTGTTCAGCACAG,28,AGTC,TGAC,TCTA,BC47,GTGCAACTTTCCCACAGGTAGTTC,24,AGCTTCGGGCCTAACTAACTACTAGTCGTGCAACTTTCCCACAGGTAGTTCTGACAATCCGCCGGTCTTCGTGTTCAGCACAGTCTAGCTTTCGACGTAACGTAAAGCG,109
AGCTTCGGGCCTAACTAACTACT,23,CGCTTTACGTTACGTCGAAAGC,22,GCTTTCGACGTAACGTAAAGCG,AATCCGCCGGTCTTCGTGTTCAGCACAG,28,AGTC,TGAC,TCTA,BC48,CATCTGGAACGTGGTACACCTGTA,24,AGCTTCGGGCCTAACTAACTACTAGTCCATCTGGAACGTGGTACACCTGTATGACAATCCGCCGGTCTTCGTGTTCAGCACAGTCTAGCTTTCGACGTAACGTAAAGCG,109
AGCTTCGGGCCTAACTAACTACT,23,CGCTTTACGTTACGTCGAAAGC,22,GCTTTCGACGTAACGTAAAGCG,AATCCGCCGGTCTTCGTGTTCAGCACAG,28,AGTC,TGAC,TCTA,BC49,ACTGGTGCAGCTTTGAACATCTAG,24,AGCTTCGGGCCTAACTAACTACTAGTCACTGGTGCAGCTTTGAACATCTAGTGACAATCCGCCGGTCTTCGTGTTCAGCACAGTCTAGCTTTCGACGTAACGTAAAGCG,109
AGCTTCGGGCCTAACTAACTACT,23,CGCTTTACGTTACGTCGAAAGC,22,GCTTTCGACGTAACGTAAAGCG,AATCCGCCGGTCTTCGTGTTCAGCACAG,28,AGTC,TGAC,TCTA,BC50,ATGGACTTTGGTAACTTCCTGCGT,24,AGCTTCGGGCCTAACTAACTACTAGTCATGGACTTTGGTAACTTCCTGCGTTGACAATCCGCCGGTCTTCGTGTTCAGCACAGTCTAGCTTTCGACGTAACGTAAAGCG,109
AGCTTCGGGCCTAACTAACTACT,23,CGCTTTACGTTACGTCGAAAGC,22,GCTTTCGACGTAACGTAAAGCG,AATCCGCCGGTCTTCGTGTTCAGCACAG,28,AGTC,TGAC,TCTA,BC51,GTTGAATGAGCCTACTGGGTCCTC,24,AGCTTCGGGCCTAACTAACTACTAGTCGTTGAATGAGCCTACTGGGTCCTCTGACAATCCGCCGGTCTTCGTGTTCAGCACAGTCTAGCTTTCGACGTAACGTAAAGCG,109
AGCTTCGGGCCTAACTAACTACT,23,CGCTTTACGTTACGTCGAAAGC,22,GCTTTCGACGTAACGTAAAGCG,AATCCGCCGGTCTTCGTGTTCAGCACAG,28,AGTC,TGAC,TCTA,BC52,TGAGAGACAAGATTGTTCGTGGAC,24,AGCTTCGGGCCTAACTAACTACTAGTCTGAGAGACAAGATTGTTCGTGGACTGACAATCCGCCGGTCTTCGTGTTCAGCACAGTCTAGCTTTCGACGTAACGTAAAGCG,109
AGCTTCGGGCCTAACTAACTACT,23,CGCTTTACGTTACGTCGAAAGC,22,GCTTTCGACGTAACGTAAAGCG,AATCCGCCGGTCTTCGTGTTCAGCACAG,28,AGTC,TGAC,TCTA,BC53,AGATTCAGACCGTCTCATGCAAAG,24,AGCTTCGGGCCTAACTAACTACTAGTCAGATTCAGACCGTCTCATGCAAAGTGACAATCCGCCGGTCTTCGTGTTCAGCACAGTCTAGCTTTCGACGTAACGTAAAGCG,109
AGCTTCGGGCCTAACTAACTACT,23,CGCTTTACGTTACGTCGAAAGC,22,GCTTTCGACGTAACGTAAAGCG,AATCCGCCGGTCTTCGTGTTCAGCACAG,28,AGTC,TGAC,TCTA,BC54,CAAGAGCTTTGACTAAGGAGCATG,24,AGCTTCGGGCCTAACTAACTACTAGTCCAAGAGCTTTGACTAAGGAGCATGTGACAATCCGCCGGTCTTCGTGTTCAGCACAGTCTAGCTTTCGACGTAACGTAAAGCG,109
AGCTTCGGGCCTAACTAACTACT,23,CGCTTTACGTTACGTCGAAAGC,22,GCTTTCGACGTAACGTAAAGCG,AATCCGCCGGTCTTCGTGTTCAGCACAG,28,AGTC,TGAC,TCTA,BC55,TGGAAGATGAGACCCTGATCTACG,24,AGCTTCGGGCCTAACTAACTACTAGTCTGGAAGATGAGACCCTGATCTACGTGACAATCCGCCGGTCTTCGTGTTCAGCACAGTCTAGCTTTCGACGTAACGTAAAGCG,109
AGCTTCGGGCCTAACTAACTACT,23,CGCTTTACGTTACGTCGAAAGC,22,GCTTTCGACGTAACGTAAAGCG,AATCCGCCGGTCTTCGTGTTCAGCACAG,28,AGTC,TGAC,TCTA,BC56,TCACTACTCAACAGGTGGCATGAA,24,AGCTTCGGGCCTAACTAACTACTAGTCTCACTACTCAACAGGTGGCATGAATGACAATCCGCCGGTCTTCGTGTTCAGCACAGTCTAGCTTTCGACGTAACGTAAAGCG,109
AGCTTCGGGCCTAACTAACTACT,23,CGCTTTACGTTACGTCGAAAGC,22,GCTTTCGACGTAACGTAAAGCG,AATCCGCCGGTCTTCGTGTTCAGCACAG,28,AGTC,TGAC,TCTA,BC57,GCTAGGTCAATCTCCTTCGGAAGT,24,AGCTTCGGGCCTAACTAACTACTAGTCGCTAGGTCAATCTCCTTCGGAAGTTGACAATCCGCCGGTCTTCGTGTTCAGCACAGTCTAGCTTTCGACGTAACGTAAAGCG,109
AGCTTCGGGCCTAACTAACTACT,23,CGCTTTACGTTACGTCGAAAGC,22,GCTTTCGACGTAACGTAAAGCG,AATCCGCCGGTCTTCGTGTTCAGCACAG,28,AGTC,TGAC,TCTA,BC58,CAGGTTACTCCTCCGTGAGTCTGA,24,AGCTTCGGGCCTAACTAACTACTAGTCCAGGTTACTCCTCCGTGAGTCTGATGACAATCCGCCGGTCTTCGTGTTCAGCACAGTCTAGCTTTCGACGTAACGTAAAGCG,109
AGCTTCGGGCCTAACTAACTACT,23,CGCTTTACGTTACGTCGAAAGC,22,GCTTTCGACGTAACGTAAAGCG,AATCCGCCGGTCTTCGTGTTCAGCACAG,28,AGTC,TGAC,TCTA,BC59,TCAATCAAGAAGGGAAAGCAAGGT,24,AGCTTCGGGCCTAACTAACTACTAGTCTCAATCAAGAAGGGAAAGCAAGGTTGACAATCCGCCGGTCTTCGTGTTCAGCACAGTCTAGCTTTCGACGTAACGTAAAGCG,109
AGCTTCGGGCCTAACTAACTACT,23,CGCTTTACGTTACGTCGAAAGC,22,GCTTTCGACGTAACGTAAAGCG,AATCCGCCGGTCTTCGTGTTCAGCACAG,28,AGTC,TGAC,TCTA,BC60,CATGTTCAACCAAGGCTTCTATGG,24,AGCTTCGGGCCTAACTAACTACTAGTCCATGTTCAACCAAGGCTTCTATGGTGACAATCCGCCGGTCTTCGTGTTCAGCACAGTCTAGCTTTCGACGTAACGTAAAGCG,109
AGCTTCGGGCCTAACTAACTACT,23,CGCTTTACGTTACGTCGAAAGC,22,GCTTTCGACGTAACGTAAAGCG,AATCCGCCGGTCTTCGTGTTCAGCACAG,28,AGTC,TGAC,TCTA,BC61,AGAGGGTACTATGTGCCTCAGCAC,24,AGCTTCGGGCCTAACTAACTACTAGTCAGAGGGTACTATGTGCCTCAGCACTGACAATCCGCCGGTCTTCGTGTTCAGCACAGTCTAGCTTTCGACGTAACGTAAAGCG,109
AGCTTCGGGCCTAACTAACTACT,23,CGCTTTACGTTACGTCGAAAGC,22,GCTTTCGACGTAACGTAAAGCG,AATCCGCCGGTCTTCGTGTTCAGCACAG,28,AGTC,TGAC,TCTA,BC62,CACCCACACTTACTTCAGGACGTA,24,AGCTTCGGGCCTAACTAACTACTAGTCCACCCACACTTACTTCAGGACGTATGACAATCCGCCGGTCTTCGTGTTCAGCACAGTCTAGCTTTCGACGTAACGTAAAGCG,109
AGCTTCGGGCCTAACTAACTACT,23,CGCTTTACGTTACGTCGAAAGC,22,GCTTTCGACGTAACGTAAAGCG,AATCCGCCGGTCTTCGTGTTCAGCACAG,28,AGTC,TGAC,TCTA,BC63,TTCTGAAGTTCCTGGGTCTTGAAC,24,AGCTTCGGGCCTAACTAACTACTAGTCTTCTGAAGTTCCTGGGTCTTGAACTGACAATCCGCCGGTCTTCGTGTTCAGCACAGTCTAGCTTTCGACGTAACGTAAAGCG,109
AGCTTCGGGCCTAACTAACTACT,23,CGCTTTACGTTACGTCGAAAGC,22,GCTTTCGACGTAACGTAAAGCG,AATCCGCCGGTCTTCGTGTTCAGCACAG,28,AGTC,TGAC,TCTA,BC64,GACAGACACCGTTCATCGACTTTC,24,AGCTTCGGGCCTAACTAACTACTAGTCGACAGACACCGTTCATCGACTTTCTGACAATCCGCCGGTCTTCGTGTTCAGCACAGTCTAGCTTTCGACGTAACGTAAAGCG,109
AGCTTCGGGCCTAACTAACTACT,23,CGCTTTACGTTACGTCGAAAGC,22,GCTTTCGACGTAACGTAAAGCG,AATCCGCCGGTCTTCGTGTTCAGCACAG,28,AGTC,TGAC,TCTA,BC65,TTCTCAGTCTTCCTCCAGACAAGG,24,AGCTTCGGGCCTAACTAACTACTAGTCTTCTCAGTCTTCCTCCAGACAAGGTGACAATCCGCCGGTCTTCGTGTTCAGCACAGTCTAGCTTTCGACGTAACGTAAAGCG,109
AGCTTCGGGCCTAACTAACTACT,23,CGCTTTACGTTACGTCGAAAGC,22,GCTTTCGACGTAACGTAAAGCG,AATCCGCCGGTCTTCGTGTTCAGCACAG,28,AGTC,TGAC,TCTA,BC66,CCGATCCTTGTGGCTTCTAACTTC,24,AGCTTCGGGCCTAACTAACTACTAGTCCCGATCCTTGTGGCTTCTAACTTCTGACAATCCGCCGGTCTTCGTGTTCAGCACAGTCTAGCTTTCGACGTAACGTAAAGCG,109
AGCTTCGGGCCTAACTAACTACT,23,CGCTTTACGTTACGTCGAAAGC,22,GCTTTCGACGTAACGTAAAGCG,AATCCGCCGGTCTTCGTGTTCAGCACAG,28,AGTC,TGAC,TCTA,BC67,GTTTGTCATACTCGTGTGCTCACC,24,AGCTTCGGGCCTAACTAACTACTAGTCGTTTGTCATACTCGTGTGCTCACCTGACAATCCGCCGGTCTTCGTGTTCAGCACAGTCTAGCTTTCGACGTAACGTAAAGCG,109
AGCTTCGGGCCTAACTAACTACT,23,CGCTTTACGTTACGTCGAAAGC,22,GCTTTCGACGTAACGTAAAGCG,AATCCGCCGGTCTTCGTGTTCAGCACAG,28,AGTC,TGAC,TCTA,BC68,GAATCTAAGCAAACACGAAGGTGG,24,AGCTTCGGGCCTAACTAACTACTAGTCGAATCTAAGCAAACACGAAGGTGGTGACAATCCGCCGGTCTTCGTGTTCAGCACAGTCTAGCTTTCGACGTAACGTAAAGCG,109
AGCTTCGGGCCTAACTAACTACT,23,CGCTTTACGTTACGTCGAAAGC,22,GCTTTCGACGTAACGTAAAGCG,AATCCGCCGGTCTTCGTGTTCAGCACAG,28,AGTC,TGAC,TCTA,BC69,TACAGTCCGAGCCTCATGTGATCT,24,AGCTTCGGGCCTAACTAACTACTAGTCTACAGTCCGAGCCTCATGTGATCTTGACAATCCGCCGGTCTTCGTGTTCAGCACAGTCTAGCTTTCGACGTAACGTAAAGCG,109
AGCTTCGGGCCTAACTAACTACT,23,CGCTTTACGTTACGTCGAAAGC,22,GCTTTCGACGTAACGTAAAGCG,AATCCGCCGGTCTTCGTGTTCAGCACAG,28,AGTC,TGAC,TCTA,BC70,ACCGAGATCCTACGAATGGAGTGT,24,AGCTTCGGGCCTAACTAACTACTAGTCACCGAGATCCTACGAATGGAGTGTTGACAATCCGCCGGTCTTCGTGTTCAGCACAGTCTAGCTTTCGACGTAACGTAAAGCG,109
AGCTTCGGGCCTAACTAACTACT,23,CGCTTTACGTTACGTCGAAAGC,22,GCTTTCGACGTAACGTAAAGCG,AATCCGCCGGTCTTCGTGTTCAGCACAG,28,AGTC,TGAC,TCTA,BC71,CCTGGGAGCATCAGGTAGTAACAG,24,AGCTTCGGGCCTAACTAACTACTAGTCCCTGGGAGCATCAGGTAGTAACAGTGACAATCCGCCGGTCTTCGTGTTCAGCACAGTCTAGCTTTCGACGTAACGTAAAGCG,109
AGCTTCGGGCCTAACTAACTACT,23,CGCTTTACGTTACGTCGAAAGC,22,GCTTTCGACGTAACGTAAAGCG,AATCCGCCGGTCTTCGTGTTCAGCACAG,28,AGTC,TGAC,TCTA,BC72,TAGCTGACTGTCTTCCATACCGAC,24,AGCTTCGGGCCTAACTAACTACTAGTCTAGCTGACTGTCTTCCATACCGACTGACAATCCGCCGGTCTTCGTGTTCAGCACAGTCTAGCTTTCGACGTAACGTAAAGCG,109
AGCTTCGGGCCTAACTAACTACT,23,CGCTTTACGTTACGTCGAAAGC,22,GCTTTCGACGTAACGTAAAGCG,AATCCGCCGGTCTTCGTGTTCAGCACAG,28,AGTC,TGAC,TCTA,BC73,AAGAAACAGGATGACAGAACCCTC,24,AGCTTCGGGCCTAACTAACTACTAGTCAAGAAACAGGATGACAGAACCCTCTGACAATCCGCCGGTCTTCGTGTTCAGCACAGTCTAGCTTTCGACGTAACGTAAAGCG,109
AGCTTCGGGCCTAACTAACTACT,23,CGCTTTACGTTACGTCGAAAGC,22,GCTTTCGACGTAACGTAAAGCG,AATCCGCCGGTCTTCGTGTTCAGCACAG,28,AGTC,TGAC,TCTA,BC74,TACAAGCATCCCAACACTTCCACT,24,AGCTTCGGGCCTAACTAACTACTAGTCTACAAGCATCCCAACACTTCCACTTGACAATCCGCCGGTCTTCGTGTTCAGCACAGTCTAGCTTTCGACGTAACGTAAAGCG,109
AGCTTCGGGCCTAACTAACTACT,23,CGCTTTACGTTACGTCGAAAGC,22,GCTTTCGACGTAACGTAAAGCG,AATCCGCCGGTCTTCGTGTTCAGCACAG,28,AGTC,TGAC,TCTA,BC75,GACCATTGTGATGAACCCTGTTGT,24,AGCTTCGGGCCTAACTAACTACTAGTCGACCATTGTGATGAACCCTGTTGTTGACAATCCGCCGGTCTTCGTGTTCAGCACAGTCTAGCTTTCGACGTAACGTAAAGCG,109
AGCTTCGGGCCTAACTAACTACT,23,CGCTTTACGTTACGTCGAAAGC,22,GCTTTCGACGTAACGTAAAGCG,AATCCGCCGGTCTTCGTGTTCAGCACAG,28,AGTC,TGAC,TCTA,BC76,ATGCTTGTTACATCAACCCTGGAC,24,AGCTTCGGGCCTAACTAACTACTAGTCATGCTTGTTACATCAACCCTGGACTGACAATCCGCCGGTCTTCGTGTTCAGCACAGTCTAGCTTTCGACGTAACGTAAAGCG,109
AGCTTCGGGCCTAACTAACTACT,23,CGCTTTACGTTACGTCGAAAGC,22,GCTTTCGACGTAACGTAAAGCG,AATCCGCCGGTCTTCGTGTTCAGCACAG,28,AGTC,TGAC,TCTA,BC77,CGACCTGTTTCTCAGGGATACAAC,24,AGCTTCGGGCCTAACTAACTACTAGTCCGACCTGTTTCTCAGGGATACAACTGACAATCCGCCGGTCTTCGTGTTCAGCACAGTCTAGCTTTCGACGTAACGTAAAGCG,109
AGCTTCGGGCCTAACTAACTACT,23,CGCTTTACGTTACGTCGAAAGC,22,GCTTTCGACGTAACGTAAAGCG,AATCCGCCGGTCTTCGTGTTCAGCACAG,28,AGTC,TGAC,TCTA,BC78,AACAACCGAACCTTTGAATCAGAA,24,AGCTTCGGGCCTAACTAACTACTAGTCAACAACCGAACCTTTGAATCAGAATGACAATCCGCCGGTCTTCGTGTTCAGCACAGTCTAGCTTTCGACGTAACGTAAAGCG,109
AGCTTCGGGCCTAACTAACTACT,23,CGCTTTACGTTACGTCGAAAGC,22,GCTTTCGACGTAACGTAAAGCG,AATCCGCCGGTCTTCGTGTTCAGCACAG,28,AGTC,TGAC,TCTA,BC79,TCTCGGAGATAGTTCTCACTGCTG,24,AGCTTCGGGCCTAACTAACTACTAGTCTCTCGGAGATAGTTCTCACTGCTGTGACAATCCGCCGGTCTTCGTGTTCAGCACAGTCTAGCTTTCGACGTAACGTAAAGCG,109
AGCTTCGGGCCTAACTAACTACT,23,CGCTTTACGTTACGTCGAAAGC,22,GCTTTCGACGTAACGTAAAGCG,AATCCGCCGGTCTTCGTGTTCAGCACAG,28,AGTC,TGAC,TCTA,BC80,CGGATGAACATAGGATAGCGATTC,24,AGCTTCGGGCCTAACTAACTACTAGTCCGGATGAACATAGGATAGCGATTCTGACAATCCGCCGGTCTTCGTGTTCAGCACAGTCTAGCTTTCGACGTAACGTAAAGCG,109
AGCTTCGGGCCTAACTAACTACT,23,CGCTTTACGTTACGTCGAAAGC,22,GCTTTCGACGTAACGTAAAGCG,AATCCGCCGGTCTTCGTGTTCAGCACAG,28,AGTC,TGAC,TCTA,BC81,CCTCATCTTGTGAAGTTGTTTCGG,24,AGCTTCGGGCCTAACTAACTACTAGTCCCTCATCTTGTGAAGTTGTTTCGGTGACAATCCGCCGGTCTTCGTGTTCAGCACAGTCTAGCTTTCGACGTAACGTAAAGCG,109
AGCTTCGGGCCTAACTAACTACT,23,CGCTTTACGTTACGTCGAAAGC,22,GCTTTCGACGTAACGTAAAGCG,AATCCGCCGGTCTTCGTGTTCAGCACAG,28,AGTC,TGAC,TCTA,BC82,ACGGTATGTCGAGTTCCAGGACTA,24,AGCTTCGGGCCTAACTAACTACTAGTCACGGTATGTCGAGTTCCAGGACTATGACAATCCGCCGGTCTTCGTGTTCAGCACAGTCTAGCTTTCGACGTAACGTAAAGCG,109
AGCTTCGGGCCTAACTAACTACT,23,CGCTTTACGTTACGTCGAAAGC,22,GCTTTCGACGTAACGTAAAGCG,AATCCGCCGGTCTTCGTGTTCAGCACAG,28,AGTC,TGAC,TCTA,BC83,TGGCTTGATCTAGGTAAGGTCGAA,24,AGCTTCGGGCCTAACTAACTACTAGTCTGGCTTGATCTAGGTAAGGTCGAATGACAATCCGCCGGTCTTCGTGTTCAGCACAGTCTAGCTTTCGACGTAACGTAAAGCG,109
AGCTTCGGGCCTAACTAACTACT,23,CGCTTTACGTTACGTCGAAAGC,22,GCTTTCGACGTAACGTAAAGCG,AATCCGCCGGTCTTCGTGTTCAGCACAG,28,AGTC,TGAC,TCTA,BC84,GTAGTGGACCTAGAACCTGTGCCA,24,AGCTTCGGGCCTAACTAACTACTAGTCGTAGTGGACCTAGAACCTGTGCCATGACAATCCGCCGGTCTTCGTGTTCAGCACAGTCTAGCTTTCGACGTAACGTAAAGCG,109
AGCTTCGGGCCTAACTAACTACT,23,CGCTTTACGTTACGTCGAAAGC,22,GCTTTCGACGTAACGTAAAGCG,AATCCGCCGGTCTTCGTGTTCAGCACAG,28,AGTC,TGAC,TCTA,BC85,AACGGAGGAGTTAGTTGGATGATC,24,AGCTTCGGGCCTAACTAACTACTAGTCAACGGAGGAGTTAGTTGGATGATCTGACAATCCGCCGGTCTTCGTGTTCAGCACAGTCTAGCTTTCGACGTAACGTAAAGCG,109
AGCTTCGGGCCTAACTAACTACT,23,CGCTTTACGTTACGTCGAAAGC,22,GCTTTCGACGTAACGTAAAGCG,AATCCGCCGGTCTTCGTGTTCAGCACAG,28,AGTC,TGAC,TCTA,BC86,AGGTGATCCCAACAAGCGTAAGTA,24,AGCTTCGGGCCTAACTAACTACTAGTCAGGTGATCCCAACAAGCGTAAGTATGACAATCCGCCGGTCTTCGTGTTCAGCACAGTCTAGCTTTCGACGTAACGTAAAGCG,109
AGCTTCGGGCCTAACTAACTACT,23,CGCTTTACGTTACGTCGAAAGC,22,GCTTTCGACGTAACGTAAAGCG,AATCCGCCGGTCTTCGTGTTCAGCACAG,28,AGTC,TGAC,TCTA,BC87,TACATGCTCCTGTTGTTAGGGAGG,24,AGCTTCGGGCCTAACTAACTACTAGTCTACATGCTCCTGTTGTTAGGGAGGTGACAATCCGCCGGTCTTCGTGTTCAGCACAGTCTAGCTTTCGACGTAACGTAAAGCG,109
AGCTTCGGGCCTAACTAACTACT,23,CGCTTTACGTTACGTCGAAAGC,22,GCTTTCGACGTAACGTAAAGCG,AATCCGCCGGTCTTCGTGTTCAGCACAG,28,AGTC,TGAC,TCTA,BC88,TCTTCTACTACCGATCCGAAGCAG,24,AGCTTCGGGCCTAACTAACTACTAGTCTCTTCTACTACCGATCCGAAGCAGTGACAATCCGCCGGTCTTCGTGTTCAGCACAGTCTAGCTTTCGACGTAACGTAAAGCG,109
AGCTTCGGGCCTAACTAACTACT,23,CGCTTTACGTTACGTCGAAAGC,22,GCTTTCGACGTAACGTAAAGCG,AATCCGCCGGTCTTCGTGTTCAGCACAG,28,AGTC,TGAC,TCTA,BC89,ACAGCATCAATGTTTGGCTAGTTG,24,AGCTTCGGGCCTAACTAACTACTAGTCACAGCATCAATGTTTGGCTAGTTGTGACAATCCGCCGGTCTTCGTGTTCAGCACAGTCTAGCTTTCGACGTAACGTAAAGCG,109
AGCTTCGGGCCTAACTAACTACT,23,CGCTTTACGTTACGTCGAAAGC,22,GCTTTCGACGTAACGTAAAGCG,AATCCGCCGGTCTTCGTGTTCAGCACAG,28,AGTC,TGAC,TCTA,BC90,GATGTAGAGGGTACGGTTTGAGGC,24,AGCTTCGGGCCTAACTAACTACTAGTCGATGTAGAGGGTACGGTTTGAGGCTGACAATCCGCCGGTCTTCGTGTTCAGCACAGTCTAGCTTTCGACGTAACGTAAAGCG,109
AGCTTCGGGCCTAACTAACTACT,23,CGCTTTACGTTACGTCGAAAGC,22,GCTTTCGACGTAACGTAAAGCG,AATCCGCCGGTCTTCGTGTTCAGCACAG,28,AGTC,TGAC,TCTA,BC91,GGCTCCATAGGAACTCACGCTACT,24,AGCTTCGGGCCTAACTAACTACTAGTCGGCTCCATAGGAACTCACGCTACTTGACAATCCGCCGGTCTTCGTGTTCAGCACAGTCTAGCTTTCGACGTAACGTAAAGCG,109
AGCTTCGGGCCTAACTAACTACT,23,CGCTTTACGTTACGTCGAAAGC,22,GCTTTCGACGTAACGTAAAGCG,AATCCGCCGGTCTTCGTGTTCAGCACAG,28,AGTC,TGAC,TCTA,BC92,TTGTGAGTGGAAAGATACAGGACC,24,AGCTTCGGGCCTAACTAACTACTAGTCTTGTGAGTGGAAAGATACAGGACCTGACAATCCGCCGGTCTTCGTGTTCAGCACAGTCTAGCTTTCGACGTAACGTAAAGCG,109
AGCTTCGGGCCTAACTAACTACT,23,CGCTTTACGTTACGTCGAAAGC,22,GCTTTCGACGTAACGTAAAGCG,AATCCGCCGGTCTTCGTGTTCAGCACAG,28,AGTC,TGAC,TCTA,BC93,AGTTTCCATCACTTCAGACTTGGG,24,AGCTTCGGGCCTAACTAACTACTAGTCAGTTTCCATCACTTCAGACTTGGGTGACAATCCGCCGGTCTTCGTGTTCAGCACAGTCTAGCTTTCGACGTAACGTAAAGCG,109
AGCTTCGGGCCTAACTAACTACT,23,CGCTTTACGTTACGTCGAAAGC,22,GCTTTCGACGTAACGTAAAGCG,AATCCGCCGGTCTTCGTGTTCAGCACAG,28,AGTC,TGAC,TCTA,BC94,GATTGTCCTCAAACTGCCACCTAC,24,AGCTTCGGGCCTAACTAACTACTAGTCGATTGTCCTCAAACTGCCACCTACTGACAATCCGCCGGTCTTCGTGTTCAGCACAGTCTAGCTTTCGACGTAACGTAAAGCG,109
AGCTTCGGGCCTAACTAACTACT,23,CGCTTTACGTTACGTCGAAAGC,22,GCTTTCGACGTAACGTAAAGCG,AATCCGCCGGTCTTCGTGTTCAGCACAG,28,AGTC,TGAC,TCTA,BC95,CCTGTCTGGAAGAAGAATGGACTT,24,AGCTTCGGGCCTAACTAACTACTAGTCCCTGTCTGGAAGAAGAATGGACTTTGACAATCCGCCGGTCTTCGTGTTCAGCACAGTCTAGCTTTCGACGTAACGTAAAGCG,109
AGCTTCGGGCCTAACTAACTACT,23,CGCTTTACGTTACGTCGAAAGC,22,GCTTTCGACGTAACGTAAAGCG,AATCCGCCGGTCTTCGTGTTCAGCACAG,28,AGTC,TGAC,TCTA,BC96,CTGAACGGTCATAGAGTCCACCAT,24,AGCTTCGGGCCTAACTAACTACTAGTCCTGAACGGTCATAGAGTCCACCATTGACAATCCGCCGGTCTTCGTGTTCAGCACAGTCTAGCTTTCGACGTAACGTAAAGCG,109
